id,url,type,title,price,currency,trade,thumbnail,store_url,store_name,store_id,store_ali_id
3.25681E+15,https://www.aliexpress.com/item/3256806102778480.html,natural,X15 Wholesale Tws Earphone Bluetooth Wireless Without Box V5.1 in Ear Headphones Blutooth Hearing Aids Sport Gamer Headset Phone,0.99,USD,3000+ sold,ae01.alicdn.com/kf/S07988f3b83af4f77bcc48cc09289d0220/X15-Wholesale-Tws-Earphone-Bluetooth-Wireless-Without-Box-V5-1-in-Ear-Headphones-Blutooth-Hearing-Aids.jpg_350x350xz.jpg,//www.aliexpress.com/store/1102818719,Yunzhiyao Store,1102818719,2673456007
3.25681E+15,https://www.aliexpress.com/item/3256805615281984.html,natural,Headphones 3.5mm Wired Gaming Headset Earphones Music For PS4 Play Station 4 Game PC Chat computer With Microphone,0.99,USD,"5,000+ sold",ae01.alicdn.com/kf/S99768c1b51144defb621542442d513c9b/Headphones-3-5mm-Wired-Gaming-Headset-Earphones-Music-For-PS4-Play-Station-4-Game-PC-Chat.jpg_350x350xz.jpg,//www.aliexpress.com/store/1102662711,Intelligent MIHome Life Store,1102662711,2672570220
3.25681E+15,https://www.aliexpress.com/item/3256806194493655.html,natural,TWS M10 Wireless Bluetooth Headphones LED Display 3500mah Charging Box 9D Stereo In-Ear Sports Waterproof Bluetooth 5.1 Headset,0.99,USD,800+ sold,ae01.alicdn.com/kf/Se192a69e4ed742a390e583f6bee2af26J/TWS-M10-Wireless-Bluetooth-Headphones-LED-Display-3500mah-Charging-Box-9D-Stereo-In-Ear-Sports-Waterproof.jpg_350x350xz.jpg,//www.aliexpress.com/store/1103079593,ZONVRO Wholesale Store,1103079593,2675616319
3.25681E+15,https://www.aliexpress.com/item/3256805896277317.html,natural,S18 Wire-controlled Headset With Microphone In-line Subwoofer Hands-free Calling Ergonomic Headphone,0.99,USD,500+ sold,ae01.alicdn.com/kf/Sa727e0888bf64e4b9775ee663f0e8a06S/S18-Wire-controlled-Headset-With-Microphone-In-line-Subwoofer-Hands-free-Calling-Ergonomic-Headphone.jpg_350x350xz.jpg,//www.aliexpress.com/store/1102841318,Digital Discover Store,1102841318,2673912032
3.25681E+15,https://www.aliexpress.com/item/3256806043043601.html,ad,DITONG Projector 4K with WiFi 6 and Bluetooth Auto Keystone Auto Focus Home Theatre FHD Native 1080P Outdoor Movie,174.32,USD,458 sold,ae01.alicdn.com/kf/S1ae1a1f2387649a3a7b90c73de76ea10i/DITONG-Projector-4K-with-WiFi-6-and-Bluetooth-Auto-Keystone-Auto-Focus-Home-Theatre-FHD-Native.jpg_350x350xz.jpg,//www.aliexpress.com/store/1101478095,DITONG Official Store,1101478095,240501325
3.25681E+15,https://www.aliexpress.com/item/3256805206873395.html,natural,New Wireless Lavalier Microphone Portable Audio Video Recording Mini Mic for iPhone Android Live Broadcast Gaming Phone Mic,0.99,USD,"10,000+ sold",ae01.alicdn.com/kf/Seca444ebb3004976990cfb5aa646fc59i/New-Wireless-Lavalier-Microphone-Portable-Audio-Video-Recording-Mini-Mic-for-iPhone-Android-Live-Broadcast-Gaming.jpg_350x350xz.jpg,//www.aliexpress.com/store/1102530486,SNZIYAG Official Store,1102530486,2671057546
3.25681E+15,https://www.aliexpress.com/item/3256806081166582.html,natural,NEW Wireless Lavalier Microphone Audio Video Recording Mini Mic For iPhone Android Laptop Live Gaming Mobile Phone Microphone,0.99,USD,"5,000+ sold",ae01.alicdn.com/kf/Sfb6c71f9a229408b92898ea58b72aa30K/NEW-Wireless-Lavalier-Microphone-Audio-Video-Recording-Mini-Mic-For-iPhone-Android-Laptop-Live-Gaming-Mobile.jpg_350x350xz.jpg,//www.aliexpress.com/store/1103181746,Eardots iTWS Store,1103181746,2677058174
3.25681E+15,https://www.aliexpress.com/item/3256806274212463.html,natural,Original A6S TWS Wireless Bluetooth Headset 5.0 Earphone Bluetooth Sport Inear Earbuds Headset with Mic for Xiaomi Iphone Lenovo,0.99,USD,496 sold,ae01.alicdn.com/kf/S636cc8a3d91843f2bc7dc66fb21745ffb/Original-A6S-TWS-Wireless-Bluetooth-Headset-5-0-Earphone-Bluetooth-Sport-Inear-Earbuds-Headset-with-Mic.jpg_350x350xz.jpg,//www.aliexpress.com/store/1103308953,3C Global Hot Sale Store,1103308953,2677610578
3.25681E+15,https://www.aliexpress.com/item/3256805860985784.html,natural,luetooth 5.1 Gaming Headsets Gamer Wireless Headphones With Noise Cancelling Microphone Wired Earphone For Phone,1.52,USD,4000+ sold,ae01.alicdn.com/kf/Sc0614d47d6104f3ea0548c23f9832bb2r/luetooth-5-1-Gaming-Headsets-Gamer-Wireless-Headphones-With-Noise-Cancelling-Microphone-Wired-Earphone-For-Phone.jpg_350x350xz.jpg,//www.aliexpress.com/store/1103030034,Consumer Electronic Store,1103030034,2676242389
3.2568E+15,https://www.aliexpress.com/item/3256804709914749.html,ad,ZHIYUN Official FIVERAY M40 40W Led Lights Handheld Pocket Light Photo Video Lamp Fill Light Photography Lighting,99,USD,153 sold,ae01.alicdn.com/kf/Se8e0399d1aa9450a93016741310158d8v/ZHIYUN-Official-FIVERAY-M40-40W-Led-Lights-Handheld-Pocket-Light-Photo-Video-Lamp-Fill-Light-Photography.jpg_350x350xz.jpg,//www.aliexpress.com/store/1101264988,ZHIYUN Official Store,1101264988,231193567
3.25681E+15,https://www.aliexpress.com/item/3256806236165607.html,natural,BT30 TWS Bluetooth Earbuds Wireless 5.0 Sport Gaming Headsets Noise Reduction Earphone Mic Headphones with LED Display Earphones,0.99,USD,"5,000+ sold",ae01.alicdn.com/kf/S10991c64708843c297e94efed4d2754al/BT30-TWS-Bluetooth-Earbuds-Wireless-5-0-Sport-Gaming-Headsets-Noise-Reduction-Earphone-Mic-Headphones-with.jpg_350x350xz.jpg,//www.aliexpress.com/store/1103276327,Fancy Electronic Store,1103276327,2677370193
3.25681E+15,https://www.aliexpress.com/item/3256806232076772.html,natural,X15pro TWS Bluetooth Earphones Stereo Headset Sport Earbuds Wireless Headphones With Microphones Charging Box For SmartPhones,0.99,USD,500+ sold,ae01.alicdn.com/kf/S9a6da18dbf224858b0480126dd49b9f8L/X15pro-TWS-Bluetooth-Earphones-Stereo-Headset-Sport-Earbuds-Wireless-Headphones-With-Microphones-Charging-Box-For-SmartPhones.jpg_350x350xz.jpg,//www.aliexpress.com/store/1102818719,Yunzhiyao Store,1102818719,2673456007
3.25681E+15,https://www.aliexpress.com/item/3256806307570730.html,natural,Pro4 True Wireless earphones Dual Ear In Ear headphones Ultra Long Standby Running Bass Sports earburds music headset with Mic,0.99,USD,700+ sold,ae01.alicdn.com/kf/S3fc0ea6805f64deca94bcba942d05dfce/Pro4-True-Wireless-earphones-Dual-Ear-In-Ear-headphones-Ultra-Long-Standby-Running-Bass-Sports-earburds.jpg_350x350xz.jpg,//www.aliexpress.com/store/1102879455,DAKAI Global Store,1102879455,2677323170
3.25681E+15,https://www.aliexpress.com/item/3256805859663845.html,natural,Smartphone Remote Control IR Blasters Type C Micro Lightning Universal Smart Infrared App Control Adapter for TV Air Conditioner,0.99,USD,4000+ sold,ae01.alicdn.com/kf/S0b6ec1f44e9b4fa09c9fa854cfaca363w/Smartphone-Remote-Control-IR-Blasters-Type-C-Micro-Lightning-Universal-Smart-Infrared-App-Control-Adapter-for.jpg_350x350xz.jpg,//www.aliexpress.com/store/1102675785,KBDFA Official Store,1102675785,2671896186
3.25681E+15,https://www.aliexpress.com/item/3256806463456234.html,ad,INSTINCT V6 V6S Chip Support Oled Console Upgradable and Flashable Original,64.33,USD,39 sold,ae01.alicdn.com/kf/Sfa7567f1494a440191a6b03118faf3e2C/INSTINCT-V6-V6S-Chip-Support-Oled-Console-Upgradable-and-Flashable-Original.jpg_350x350xz.jpg,//www.aliexpress.com/store/1103587200,Shop1103591160 Store,1103587200,2682891017
3.25681E+15,https://www.aliexpress.com/item/3256805466581928.html,natural,Original Lenovo XT88 TWS Wireless Earphones Bluetooth 5.3 Dual MIC Stereo Noise Reduction Bass HIFI Touch Control Earbuds,3.03,USD,3000+ sold,ae01.alicdn.com/kf/Sa50b783086094ad58bac3e3faf7dd519f/Original-Lenovo-XT88-TWS-Wireless-Earphones-Bluetooth-5-3-Dual-MIC-Stereo-Noise-Reduction-Bass-HIFI.jpg_350x350xz.jpg,//www.aliexpress.com/store/1101351612,Cutesliving Store,1101351612,239194804
3.25681E+15,https://www.aliexpress.com/item/3256806187904027.html,natural,Original M25 TWS Wireless Headphones Earphones Bluetooth Touch Control Noise Reduction Stereo Waterproof Earbuds Headsets,0.99,USD,500+ sold,ae01.alicdn.com/kf/Sd244ff69b49e405eb8e863b719b428d32/Original-M25-TWS-Wireless-Headphones-Earphones-Bluetooth-Touch-Control-Noise-Reduction-Stereo-Waterproof-Earbuds-Headsets.jpg_350x350xz.jpg,//www.aliexpress.com/store/1103079324,3C Global Electronics Store,1103079324,2675761270
3.25681E+15,https://www.aliexpress.com/item/3256806308317435.html,natural,T2 Wireless Mini Earbuds LED Power Digital Display TWS Headset Stereo Sound Bluetooth-compatible 5.3 for iPone Xiaomi Lenovo,0.99,USD,"1,000+ sold",ae01.alicdn.com/kf/Sc43a21a7ca29406cbb7f4bf359496dc4D/T2-Wireless-Mini-Earbuds-LED-Power-Digital-Display-TWS-Headset-Stereo-Sound-Bluetooth-compatible-5-3.jpg_350x350xz.jpg,//www.aliexpress.com/store/1102669823,Bright future 3C Store,1102669823,2671873100
3.25681E+15,https://www.aliexpress.com/item/3256806245252841.html,natural,X15 TWS Gaming Earbuds Wireless Bluetooth Earphones With Mic Bass Audio Sound Positioning 9D Stereo Music HiFi Headset For Gamer,0.99,USD,500+ sold,ae01.alicdn.com/kf/S0849db9e6ddd4d23a49498a82999a6ea7/X15-TWS-Gaming-Earbuds-Wireless-Bluetooth-Earphones-With-Mic-Bass-Audio-Sound-Positioning-9D-Stereo-Music.jpg_350x350xz.jpg,//www.aliexpress.com/store/1103468365,Annie Bear 3C Hot Sale Store,1103468365,2677297008
3.25681E+15,https://www.aliexpress.com/item/3256806466399515.html,ad,Electronic Shot Timers IPSC Competition Shooting Pro Timer For Steel Challenge Competition Timer Airsoft Practice LCD display,77.43,USD,6 sold,ae01.alicdn.com/kf/S2427e8052067436c870f1edf892802cd9/Electronic-Shot-Timers-IPSC-Competition-Shooting-Pro-Timer-For-Steel-Challenge-Competition-Timer-Airsoft-Practice-LCD.png_350x350xz.png,//www.aliexpress.com/store/1102665191,3C Lamb Tactical Club Store,1102665191,2671321950
3.2568E+15,https://www.aliexpress.com/item/3256804805537319.html,natural,Lenovo HT38 TWS Earphone Wireless Fone Bluetooth Headphones AI Control Mini Headset Dual Mic Noise Reduction HiFi Stereo Earbuds,0.99,USD,"10,000+ sold",ae01.alicdn.com/kf/Hb52569d9f04340738f3eb6c9f7a04f3bo/Lenovo-HT38-TWS-Earphone-Wireless-Fone-Bluetooth-Headphones-AI-Control-Mini-Headset-Dual-Mic-Noise-Reduction.jpg_350x350xz.jpg,//www.aliexpress.com/store/1102457752,Earphone Online Store,1102457752,2673387852
3.2568E+15,https://www.aliexpress.com/item/3256804797035528.html,natural,Lenovo GM2 Pro Bluetooth 5.3 Earphones Sports Headset Wireless In-Ear Gaming Low Latency Dual Mode Music Headphones New,4.99,USD,"10,000+ sold",ae01.alicdn.com/kf/S2ead2b4c87b8411789fb004bee6f33c5F/Lenovo-GM2-Pro-Bluetooth-5-3-Earphones-Sports-Headset-Wireless-In-Ear-Gaming-Low-Latency-Dual.jpg_350x350xz.jpg,//www.aliexpress.com/store/1101356467,Shop5370096 Store,1101356467,239350035
3.25681E+15,https://www.aliexpress.com/item/3256805790463205.html,natural,TWS E6S Bluetooth Earphones Wireless bluetooth headset Noise Cancelling Headsets With Microphone Headphones For Xiaomi Redmi,0.99,USD,3000+ sold,ae01.alicdn.com/kf/S8a5be7fd4d50499ca02c84355050142bC/TWS-E6S-Bluetooth-Earphones-Wireless-bluetooth-headset-Noise-Cancelling-Headsets-With-Microphone-Headphones-For-Xiaomi-Redmi.jpg_350x350xz.jpg,//www.aliexpress.com/store/1102669823,Bright future 3C Store,1102669823,2671873100
3.25681E+15,https://www.aliexpress.com/item/3256805626714920.html,natural,NEW AKB75095307 UNIVERSAL REMOTE CONTROL FOR LG SMART TV AKB75095308 AKB75375604 AKB74915324 32LJ610V 43UJ634V 49UJ634V 55UJ634V,0.99,USD,"1,000+ sold",ae01.alicdn.com/kf/S5d77fa58829c470aa9ea702baddb0b8fW/NEW-AKB75095307-UNIVERSAL-REMOTE-CONTROL-FOR-LG-SMART-TV-AKB75095308-AKB75375604-AKB74915324-32LJ610V-43UJ634V-49UJ634V-55UJ634V.png_350x350xz.png,//www.aliexpress.com/store/1102844751,X-Y ELECTRONIC Store,1102844751,2673960256
3.25681E+15,https://www.aliexpress.com/item/3256806050997493.html,ad,2024 HK9 Pro MAX Smart Watch 9 Mens Women AMOLED HD Screen Heart Rate Blood Pressure NFC Bluetooth Call Smartwatch For Sport,19.25,USD,600+ sold,ae01.alicdn.com/kf/S858f865ed3124151b109236ed5fb1445J/2024-HK9-Pro-MAX-Smart-Watch-9-Mens-Women-AMOLED-HD-Screen-Heart-Rate-Blood-Pressure.jpg_350x350xz.jpg,//www.aliexpress.com/store/1103305073,Shop1103318067 Store,1103305073,2679195114
3.25681E+15,https://www.aliexpress.com/item/3256805934927118.html,natural,TWS Wireless Bluetooth Headset with Charge Box for Phone Noise Cancelling Mic Earbuds Wireless Headphones Bluetooth Earphones,2.39,USD,"10,000+ sold",ae01.alicdn.com/kf/S711eaa305f3a4b5c8d349cfbd4030e04M/TWS-Wireless-Bluetooth-Headset-with-Charge-Box-for-Phone-Noise-Cancelling-Mic-Earbuds-Wireless-Headphones-Bluetooth.jpg_350x350xz.jpg,//www.aliexpress.com/store/1101356467,Shop5370096 Store,1101356467,239350035
3.25681E+15,https://www.aliexpress.com/item/3256806181228684.html,natural,E7S TWS Wireless Headphones Bluetooth earphone Control Sport Headset Waterproof Microphone Music Earphone Work On All Smartphone,0.99,USD,3000+ sold,ae01.alicdn.com/kf/S9df670a34d7e40d9bc60ec9ff5ee4607f/E7S-TWS-Wireless-Headphones-Bluetooth-earphone-Control-Sport-Headset-Waterproof-Microphone-Music-Earphone-Work-On-All.jpg_350x350xz.jpg,//www.aliexpress.com/store/1103230207,Smart Watch Direct Sales Factory Store,1103230207,2677226510
3.25681E+15,https://www.aliexpress.com/item/3256805895862192.html,natural,New Mini Portable Car Audio A9 Dazzling Crack LED Wireless Bluetooth 4.1 Subwoofer Speaker TF Card,0.99,USD,487 sold,ae01.alicdn.com/kf/S1e6bb2e81a764de3abc37fac195cd3c1H/New-Mini-Portable-Car-Audio-A9-Dazzling-Crack-LED-Wireless-Bluetooth-4-1-Subwoofer-Speaker-TF.jpg_350x350xz.jpg,//www.aliexpress.com/store/1101351612,Cutesliving Store,1101351612,239194804
3.25681E+15,https://www.aliexpress.com/item/3256805811688635.html,natural,Mini Camera Bluetooth-compatible Remote Controller Photo Shutter Release Button Phone Selfie For IOS/Android Smartphones,0.99,USD,700+ sold,ae01.alicdn.com/kf/Seade42a4c1fd471e9028edc617312062e/Mini-Camera-Bluetooth-compatible-Remote-Controller-Photo-Shutter-Release-Button-Phone-Selfie-For-IOS-Android-Smartphones.jpg_350x350xz.jpg,//www.aliexpress.com/store/1102898469,Shop1102901462 Store,1102898469,2675570277
3.25681E+15,https://www.aliexpress.com/item/3256806352994604.html,ad,New Wireless Bluetooth Earphones Headphones Outdoor Sport Headset 5.3 With Charging Bin Lanyard Touch Control Earbuds for Muisc,6.61,USD,314 sold,ae01.alicdn.com/kf/S5ae9e2cb3b4a49b992f744482a7d2596Z/New-Wireless-Bluetooth-Earphones-Headphones-Outdoor-Sport-Headset-5-3-With-Charging-Bin-Lanyard-Touch-Control.jpg_350x350xz.jpg,//www.aliexpress.com/store/1102436313,Shop1102442206 Store,1102436313,2668345120
3.25681E+15,https://www.aliexpress.com/item/3256805383963474.html,natural,Original Xiaomi Redmi Buds 3 Lite TWS Bluetooth 5.2 Earphone IP54 18h Headset Headphone Ture Wireless Earbuds 3 Youth Edition,0.99,USD,"2,000+ sold",ae01.alicdn.com/kf/Sec2e9c0e3928440384588e50001dfcfes/Original-Xiaomi-Redmi-Buds-3-Lite-TWS-Bluetooth-5-2-Earphone-IP54-18h-Headset-Headphone-Ture.jpg_350x350xz.jpg,//www.aliexpress.com/store/1102603872,AE Global Earphone Store,1102603872,2671249440
3.25681E+15,https://www.aliexpress.com/item/3256805862413933.html,natural,Original Type C Wired Earphone For Samsung Galaxy S23 S21 S22 Ultra Plus 3.5 mm Earbuds Headphones A54 A34 A53 A53 Accessories,0.99,USD,"10,000+ sold",ae01.alicdn.com/kf/S6a0bc462d71941e5a7b60aa78b7252a1c/Original-Type-C-Wired-Earphone-For-Samsung-Galaxy-S23-S21-S22-Ultra-Plus-3-5-mm.jpg_350x350xz.jpg,//www.aliexpress.com/store/1102902352,WANZP Official Store,1102902352,2674560260
3.25681E+15,https://www.aliexpress.com/item/3256805915514318.html,natural,M1 Mini Bluetooth Small Speaker Portable Intelligent One Drag Two Small Steel Cannon Metal Wireless Bluetooth Sound Subwoofer,0.99,USD,900+ sold,ae01.alicdn.com/kf/Sd2b57568be2b43279b0e114b3b228a9aa/M1-Mini-Bluetooth-Small-Speaker-Portable-Intelligent-One-Drag-Two-Small-Steel-Cannon-Metal-Wireless-Bluetooth.png_350x350xz.png,//www.aliexpress.com/store/1103011346,Shop1103013374 Store,1103011346,2676242130
3.2568E+15,https://www.aliexpress.com/item/3256804871959827.html,natural,Bluetooth Speaker Dual Speaker Stereo Outdoor Tfusb Playback Fm Voice Broadcasting Portable Subwoofer 50 Wireless Speaker,4.46,USD,"10,000+ sold",ae01.alicdn.com/kf/S423bab09a74946f29fed44be05a6e4fdQ/Bluetooth-Speaker-Dual-Speaker-Stereo-Outdoor-Tfusb-Playback-Fm-Voice-Broadcasting-Portable-Subwoofer-50-Wireless-Speaker.jpg_350x350xz.jpg,//www.aliexpress.com/store/1101351612,Cutesliving Store,1101351612,239194804
3.25681E+15,https://www.aliexpress.com/item/3256806145629928.html,ad,Automatic 360 Photo Booth Machine for Parties Slow Motion Rotating 360 Photobooth selfie 360 Video Booth custom logo,716.84,USD,3 sold,ae01.alicdn.com/kf/S461af87fa30e4aa5a57d03c06299226bv/Automatic-360-Photo-Booth-Machine-for-Parties-Slow-Motion-Rotating-360-Photobooth-selfie-360-Video-Booth.png_350x350xz.png,//www.aliexpress.com/store/1103014726,Evegogo Store,1103014726,2675377337
3.25681E+15,https://www.aliexpress.com/item/3256805550782652.html,natural,1pc Wired Earphone Stereo In-Ear 3.5mm Nylon Weave Cable Earphone Headset For Laptop Smartphone Gifts Headphones,0.99,USD,"1,000+ sold",ae01.alicdn.com/kf/Se138c5c95929429eaf38e15fd686c32fT/1pc-Wired-Earphone-Stereo-In-Ear-3-5mm-Nylon-Weave-Cable-Earphone-Headset-For-Laptop-Smartphone.jpg_350x350xz.jpg,//www.aliexpress.com/store/1102530746,HHHot Store,1102530746,2671922607
3.25681E+15,https://www.aliexpress.com/item/3256805586400895.html,natural,KZ Case Earphone Box Bluetooth Headset Case Square Portable Compression Headset Storage Case EVA Zipper Bag With LOGO Black,0.99,USD,"2,000+ sold",ae01.alicdn.com/kf/Se81a7954ef3441128aa20d9fbcf29e0eG/KZ-Case-Earphone-Box-Bluetooth-Headset-Case-Square-Portable-Compression-Headset-Storage-Case-EVA-Zipper-Bag.png_350x350xz.png,//www.aliexpress.com/store/1102742286,Global Factory Product Store,1102742286,2674899453
3.25681E+15,https://www.aliexpress.com/item/3256805378899623.html,natural,Tripods Tripod For Phone Mobile Camera Holder Clip Smartphone Monopod Tripe Stand Octopus Mini Tripod Stativ For Phone,0.99,USD,"10,000+ sold",ae01.alicdn.com/kf/Seeeb48d6d9cf4dd4a688a35c45c6239cR/Tripods-Tripod-For-Phone-Mobile-Camera-Holder-Clip-Smartphone-Monopod-Tripe-Stand-Octopus-Mini-Tripod-Stativ.jpg_350x350xz.jpg,//www.aliexpress.com/store/1102820622,VeFly Choice Store,1102820622,2676603066
3.25681E+15,https://www.aliexpress.com/item/3256806167025164.html,natural,Built-in 400 FC Games with Portable Case Mini Retro Handheld Game Console 3.0 Inch LCD Screen Video Game Player Kids Boys Gift,2,USD,800+ sold,ae01.alicdn.com/kf/S81d6bcd2d16c48f096adc230fe0034deW/Built-in-400-FC-Games-with-Portable-Case-Mini-Retro-Handheld-Game-Console-3-0-Inch.jpg_350x350xz.jpg,//www.aliexpress.com/store/1103191330,AiguozerMall Store,1103191330,2676962189
3.25681E+15,https://www.aliexpress.com/item/3256806262334643.html,ad,JIKONG JK BMS 24V 48V 8S-16S Smart BMS 100A 150A 200A Household Energy BMS to Inverter 1A 2A Active Balance LiFePo4,90.36,USD,20 sold,ae01.alicdn.com/kf/S468e34ca48174b549b0527b4414cda402/JIKONG-JK-BMS-24V-48V-8S-16S-Smart-BMS-100A-150A-200A-Household-Energy-BMS-to.jpg_350x350xz.jpg,//www.aliexpress.com/store/1101329100,JIKONG FACTORY Store,1101329100,238805322
3.25681E+15,https://www.aliexpress.com/item/3256805613498591.html,natural,Metal SM58 cardioid Dynamic Microphone For Stage Singing Professional Wired Microphone for Shure Karaoke BBOX Recording Vocal,5.02,USD,3000+ sold,ae01.alicdn.com/kf/Sce803296b9ee49f394f4faf1d70c1109m/Metal-SM58-cardioid-Dynamic-Microphone-For-Stage-Singing-Professional-Wired-Microphone-for-Shure-Karaoke-BBOX-Recording.png_350x350xz.png,//www.aliexpress.com/store/1102859709,Lokchonk Store,1102859709,2677251393
3.25681E+15,https://www.aliexpress.com/item/3256805379105946.html,natural,Original Lenovo QT82 Bluetooth Earphones True Wireless Earbuds Touch Control Stereo HD Talking With Mic Wireless Headphones,1.3,USD,"2,000+ sold",ae01.alicdn.com/kf/S0d6376cc7edd4f079198817b502d5f3e7/Original-Lenovo-QT82-Bluetooth-Earphones-True-Wireless-Earbuds-Touch-Control-Stereo-HD-Talking-With-Mic-Wireless.jpg_350x350xz.jpg,//www.aliexpress.com/store/1102590418,Lenovo Global Monopoly Store,1102590418,2672042892
3.25681E+15,https://www.aliexpress.com/item/3256805734310722.html,natural,PC Speaker For Computer Laptop Notebook Desktop Caixa De Som Mini Sound Box Music Bocina Column Acoustics Coluna Audio System,0.99,USD,"1,000+ sold",ae01.alicdn.com/kf/S519b7a0186d940a1b094f3ac1d1df46fh/PC-Speaker-For-Computer-Laptop-Notebook-Desktop-Caixa-De-Som-Mini-Sound-Box-Music-Bocina-Column.jpg_350x350xz.jpg,//www.aliexpress.com/store/1102858201,Life Dreamer Store,1102858201,2674417171
3.2568E+15,https://www.aliexpress.com/item/3256804932717472.html,natural,SF666R USB Microphone RGB Microfone Condensador Wire Gaming Mic for Podcast Recording Studio Streaming Laptop Desktop PC,7.39,USD,"5,000+ sold",ae01.alicdn.com/kf/S65cb812781934274a0f322bc959bf43a4/SF666R-USB-Microphone-RGB-Microfone-Condensador-Wire-Gaming-Mic-for-Podcast-Recording-Studio-Streaming-Laptop-Desktop.jpg_350x350xz.jpg,//www.aliexpress.com/store/1101351612,Cutesliving Store,1101351612,239194804
3.25681E+15,https://www.aliexpress.com/item/3256805488135856.html,ad,Ctronics Real 4K 16X 5X Optical Zoom IP Camera 8MP 3840X2160P 5G WiFi PTZ 360 Outdoor Security Camera Night Vision Auto Tracking,151.26,USD,117 sold,ae01.alicdn.com/kf/S0b632708fb414ae280e7c08cb7af21ca7/Ctronics-Real-4K-16X-5X-Optical-Zoom-IP-Camera-8MP-3840X2160P-5G-WiFi-PTZ-360-Outdoor.jpg_350x350xz.jpg,//www.aliexpress.com/store/1102526424,Ctronics Official Store,1102526424,2671057163
3.25681E+15,https://www.aliexpress.com/item/3256805980055503.html,natural,X15 TWS Wireless Headphones Bluetooth Earphones Control Sport Headset Waterproof Microphones Music Earphones for All Smartphone,0.99,USD,3000+ sold,ae01.alicdn.com/kf/Sb16258e0bb2b4a498b4d01bbf897f5849/X15-TWS-Wireless-Headphones-Bluetooth-Earphones-Control-Sport-Headset-Waterproof-Microphones-Music-Earphones-for-All-Smartphone.jpg_350x350xz.jpg,//www.aliexpress.com/store/1103079324,3C Global Electronics Store,1103079324,2675761270
3.25681E+15,https://www.aliexpress.com/item/3256805960902443.html,natural,XT-11 Bluetooth 4.2 Wireless Earphone Sports Headset Waterproof Earbuds Neckband Magnetic Headphone With Mic For Samrtphones,0.99,USD,"1,000+ sold",ae01.alicdn.com/kf/Se36d3448b92b40eeaa65931c4d831dd89/XT-11-Bluetooth-4-2-Wireless-Earphone-Sports-Headset-Waterproof-Earbuds-Neckband-Magnetic-Headphone-With-Mic.jpg_350x350xz.jpg,//www.aliexpress.com/store/1103211628,AILEHKUO Choice Store,1103211628,2677202347
3.25681E+15,https://www.aliexpress.com/item/3256805078982442.html,natural,P9 Wireless Bluetooth Headphones With Mic Noise Cancelling Headsets Stereo Sound Earphones Sports Gaming Headphones Supports TF,3.95,USD,"50,000+ sold",ae01.alicdn.com/kf/S4ad9a4a6d8a846d1b17314e8289801c4Z/P9-Wireless-Bluetooth-Headphones-With-Mic-Noise-Cancelling-Headsets-Stereo-Sound-Earphones-Sports-Gaming-Headphones-Supports.jpg_350x350xz.jpg,//www.aliexpress.com/store/1102664833,Arvin SAPLING Store,1102664833,2671849008
3.25681E+15,https://www.aliexpress.com/item/3256805846055921.html,natural,K9 Mini Lavalier Microphone Portable Audio Video Recording Mini Lapel Mic Wireless Microfone for IPhone TypeC ipad Game Phone,0.99,USD,"1,000+ sold",ae01.alicdn.com/kf/S1e6397f037f048d19fbe8b71eab7a449o/K9-Mini-Lavalier-Microphone-Portable-Audio-Video-Recording-Mini-Lapel-Mic-Wireless-Microfone-for-IPhone-TypeC.jpg_350x350xz.jpg,//www.aliexpress.com/store/1102831276,Battery's Store Store,1102831276,2673961308
3.25681E+15,https://www.aliexpress.com/item/3256806026160927.html,ad,Smart Car Humidifier Essential Oil Diffuse Air Freshener  Mini Diffuser Scent Fragrance  Aromatherapy with LED Colorful Light,30.36,USD,51 sold,ae01.alicdn.com/kf/Sc469a1e79a7b408a99be456417e6f26eO/Smart-Car-Humidifier-Essential-Oil-Diffuse-Air-Freshener-Mini-Diffuser-Scent-Fragrance-Aromatherapy-with-LED-Colorful.jpg_350x350xz.jpg,//www.aliexpress.com/store/1102717585,DAQI Hair Dryer Store,1102717585,2674635020
3.2568E+15,https://www.aliexpress.com/item/3256804791176830.html,natural,Origial Lenovo HE05X Bluetooth Earphones Earphone Waterproof Earplugs HIFI Sound Magnetic Neckband Headset Sports Headphone,0.99,USD,"5,000+ sold",ae01.alicdn.com/kf/S608a28a4cd7646939313edba1bd25ec1H/Origial-Lenovo-HE05X-Bluetooth-Earphones-Earphone-Waterproof-Earplugs-HIFI-Sound-Magnetic-Neckband-Headset-Sports-Headphone.jpg_350x350xz.jpg,//www.aliexpress.com/store/1102461422,Lenovo ThinkPlus Store,1102461422,2671706432
3.25681E+15,https://www.aliexpress.com/item/3256805715844506.html,natural,433MHz Auto Copy Remote Control Electric Garage Door Opener Remote Controller Duplicator Clone Cloning Code 4 Keys Transmitter,0.99,USD,"10,000+ sold",ae01.alicdn.com/kf/S6a91d011bc2145658b4907cb5fa49e597/433MHz-Auto-Copy-Remote-Control-Electric-Garage-Door-Opener-Remote-Controller-Duplicator-Clone-Cloning-Code-4.png_350x350xz.png,//www.aliexpress.com/store/1102710482,TechL-Store Store,1102710482,2673002718
3.25681E+15,https://www.aliexpress.com/item/3256805667496581.html,natural,3.5mm Wired Headphones With Bass Earbuds Stereo Earphone Music Sport Gaming Headset With mic For Xiaomi IPhone Huawei Samsung,0.99,USD,"1,000+ sold",ae01.alicdn.com/kf/S7f0c3cc594fb47158815b197511f2b213/3-5mm-Wired-Headphones-With-Bass-Earbuds-Stereo-Earphone-Music-Sport-Gaming-Headset-With-mic-For.jpg_350x350xz.jpg,//www.aliexpress.com/store/1102601073,Factory Global Discount Store,1102601073,2673771338
3.25681E+15,https://www.aliexpress.com/item/3256806231629727.html,natural,2024 TWS M10 Wireless Bluetooth Headset 5.3 Earphones Bluetooth Headphones with Mic Earbuds 3200mAh Charger Box LED Display Fone,0.99,USD,"5,000+ sold",ae01.alicdn.com/kf/Sf54398f547c14d88952c89d3c9ccf0c6E/2024-TWS-M10-Wireless-Bluetooth-Headset-5-3-Earphones-Bluetooth-Headphones-with-Mic-Earbuds-3200mAh-Charger.jpg_350x350xz.jpg,//www.aliexpress.com/store/1103313699,AConsumer Electronics Store,1103313699,2676360330
3.25681E+15,https://www.aliexpress.com/item/3256806463905375.html,ad,Hwfly Lite rp2040 Zero Picofly Pico picof Lite Chip Upgradable and Flashable Support Lite Console,10.72,USD,36 sold,ae01.alicdn.com/kf/S27e1e8fe15db49c39356b14ce8c5513dy/Hwfly-Lite-rp2040-Zero-Picofly-Pico-picof-Lite-Chip-Upgradable-and-Flashable-Support-Lite-Console.jpg_350x350xz.jpg,//www.aliexpress.com/store/1103587200,Shop1103591160 Store,1103587200,2682891017
3.25681E+15,https://www.aliexpress.com/item/3256806128691805.html,natural,Pro 4 TWS Wireless Headphones Earphone Bluetooth-compatible 5.0 Waterproof Headset with Mic for Xiaomi iPhone Pro4 Earbuds,0.99,USD,"5,000+ sold",ae01.alicdn.com/kf/S1f77310a6ffa4b5ab8ff607d221fd4dcn/Pro-4-TWS-Wireless-Headphones-Earphone-Bluetooth-compatible-5-0-Waterproof-Headset-with-Mic-for-Xiaomi.jpg_350x350xz.jpg,//www.aliexpress.com/store/1103340055,Shop1103338053 Store,1103340055,2675928349
3.25681E+15,https://www.aliexpress.com/item/3256806270565659.html,natural,999 Level Electronic Pop Quick Push Bubbles Game Machine Kids Cartoon Fun Squeezing Toys Anti Stress Sensory Bubble Toy Gifts,0.99,USD,"1,000+ sold",ae01.alicdn.com/kf/S0a0c3a59693c423d8f204f3eb771599aY/999-Level-Electronic-Pop-Quick-Push-Bubbles-Game-Machine-Kids-Cartoon-Fun-Squeezing-Toys-Anti-Stress.jpg_350x350xz.jpg,//www.aliexpress.com/store/1102658169,Salmoph ZWN Online Store,1102658169,2672474407
3.25681E+15,https://www.aliexpress.com/item/3256806099393697.html,natural,Original Type C Wired Headphone For Xiaomi Mi 13 12 11 Pro Ultra Lite 3.5MM Earphone Redmi Poco Huawei Samsung Earbud Headset,0.99,USD,"1,000+ sold",ae01.alicdn.com/kf/Sbc0fe8c9e1384efea4faa0a0696a9138V/Original-Type-C-Wired-Headphone-For-Xiaomi-Mi-13-12-11-Pro-Ultra-Lite-3-5MM.jpg_350x350xz.jpg,//www.aliexpress.com/store/1103311261,New 3C Store,1103311261,2677586019
3.25681E+15,https://www.aliexpress.com/item/3256806181236367.html,natural,E7S TWS Wireless Headphones Bluetooth earphone Control Sport Headset Waterproof Microphone Music Earphone Work On All Smartphone,0.99,USD,"2,000+ sold",ae01.alicdn.com/kf/S8a3c026ca8594d88bb4880bbd7be259ak/E7S-TWS-Wireless-Headphones-Bluetooth-earphone-Control-Sport-Headset-Waterproof-Microphone-Music-Earphone-Work-On-All.jpg_350x350xz.jpg,//www.aliexpress.com/store/1103230207,Smart Watch Direct Sales Factory Store,1103230207,2677226510
3.25681E+15,https://www.aliexpress.com/item/3256806463551841.html,ad,Hwfly Picofly oled RP2040 Raspberry pi pico pic Oled Chip Support Oled Console,42.89,USD,14 sold,ae01.alicdn.com/kf/404/Hwfly-Picofly-oled-RP2040-Raspberry-pi-pico-pic-Oled-Chip-Support-Oled-Console.jpg_350x350xz.jpg,//www.aliexpress.com/store/1103587200,Shop1103591160 Store,1103587200,2682891017
3.25681E+15,https://www.aliexpress.com/item/3256805783832771.html,natural,New Original  Relay HOZ-462-1026 DC24V relay,54.86,USD,1 sold,ae01.alicdn.com/kf/S89499f4f1e20413f9ca138039ae3c56aQ/New-Original-Relay-HOZ-462-1026-DC24V-relay.jpg_350x350xz.jpg,//www.aliexpress.com/store/1103016614,BXRD Store,1103016614,2678595310
3.25681E+15,https://www.aliexpress.com/item/3256806462663884.html,natural,Original Lenovo LP40 Pro TWS Earphones Wireless Bluetooth 5.1 Sport Noise Reduction Headphones Touch Control 250mAH Earphones,0.99,USD,500+ sold,ae01.alicdn.com/kf/S14cae74bebb4477d9a0c5a5a6e87c0fb8/Original-Lenovo-LP40-Pro-TWS-Earphones-Wireless-Bluetooth-5-1-Sport-Noise-Reduction-Headphones-Touch-Control.jpg_350x350xz.jpg,//www.aliexpress.com/store/1102526656,Lenovo Headset Store,1102526656,2673483590
3.25681E+15,https://www.aliexpress.com/item/3256806081166582.html,natural,NEW Wireless Lavalier Microphone Audio Video Recording Mini Mic For iPhone Android Laptop Live Gaming Mobile Phone Microphone,0.99,USD,"5,000+ sold",ae01.alicdn.com/kf/Sfb6c71f9a229408b92898ea58b72aa30K/NEW-Wireless-Lavalier-Microphone-Audio-Video-Recording-Mini-Mic-For-iPhone-Android-Laptop-Live-Gaming-Mobile.jpg_350x350xz.jpg,//www.aliexpress.com/store/1103181746,Eardots iTWS Store,1103181746,2677058174
3.25681E+15,https://www.aliexpress.com/item/3256806309268832.html,natural,Ampown Smart Pro Handheld Game Console 4.96'' IPS Screen Linux System Joystick RGB Lighting Trimui Retro Video Game Console Gift,56.95,USD,"1,000+ sold",ae01.alicdn.com/kf/S5d13c5d767674703a8ba630ff25cfed19/Ampown-Smart-Pro-Handheld-Game-Console-4-96-IPS-Screen-Linux-System-Joystick-RGB-Lighting-Trimui.png_350x350xz.png,//www.aliexpress.com/store/1101351612,Cutesliving Store,1101351612,239194804
3.25681E+15,https://www.aliexpress.com/item/3256806043043601.html,ad,DITONG Projector 4K with WiFi 6 and Bluetooth Auto Keystone Auto Focus Home Theatre FHD Native 1080P Outdoor Movie,154.25,USD,500+ sold,ae01.alicdn.com/kf/S1ae1a1f2387649a3a7b90c73de76ea10i/DITONG-Projector-4K-with-WiFi-6-and-Bluetooth-Auto-Keystone-Auto-Focus-Home-Theatre-FHD-Native.jpg_350x350xz.jpg,//www.aliexpress.com/store/1101478095,DITONG Official Store,1101478095,240501325
3.25681E+15,https://www.aliexpress.com/item/3256806306991816.html,natural,Anbernic RG35XX PLUS Handheld Game Console 3.5'' IPS Screen HDMI Output Streaming Retro Portable Video Game Console Player Gifts,48.68,USD,"1,000+ sold",ae01.alicdn.com/kf/S2b249fa14d08458489f6f920e4032e528/Anbernic-RG35XX-PLUS-Handheld-Game-Console-3-5-IPS-Screen-HDMI-Output-Streaming-Retro-Portable-Video.jpg_350x350xz.jpg,//www.aliexpress.com/store/1101351612,Cutesliving Store,1101351612,239194804
3.25681E+15,https://www.aliexpress.com/item/3256805518793458.html,natural,Lenovo TH30 Wireless Headphones Bluetooth 5.3 Earphones Foldable Gaming Headset Sport Headphone with Mic Music Earbuds 250mAh,6.18,USD,"10,000+ sold",ae01.alicdn.com/kf/S59dd8f416bd54a068789128f404f5347q/Lenovo-TH30-Wireless-Headphones-Bluetooth-5-3-Earphones-Foldable-Gaming-Headset-Sport-Headphone-with-Mic-Music.jpg_350x350xz.jpg,//www.aliexpress.com/store/1101351612,Cutesliving Store,1101351612,239194804
3.25681E+15,https://www.aliexpress.com/item/3256805206873395.html,natural,New Wireless Lavalier Microphone Portable Audio Video Recording Mini Mic for iPhone Android Live Broadcast Gaming Phone Mic,0.99,USD,"10,000+ sold",ae01.alicdn.com/kf/Seca444ebb3004976990cfb5aa646fc59i/New-Wireless-Lavalier-Microphone-Portable-Audio-Video-Recording-Mini-Mic-for-iPhone-Android-Live-Broadcast-Gaming.jpg_350x350xz.jpg,//www.aliexpress.com/store/1102530486,SNZIYAG Official Store,1102530486,2671057546
3.25681E+15,https://www.aliexpress.com/item/3256806102778480.html,natural,X15 Wholesale Tws Earphone Bluetooth Wireless Without Box V5.1 in Ear Headphones Blutooth Hearing Aids Sport Gamer Headset Phone,0.99,USD,4000+ sold,ae01.alicdn.com/kf/S07988f3b83af4f77bcc48cc09289d0220/X15-Wholesale-Tws-Earphone-Bluetooth-Wireless-Without-Box-V5-1-in-Ear-Headphones-Blutooth-Hearing-Aids.jpg_350x350xz.jpg,//www.aliexpress.com/store/1102818719,Yunzhiyao Store,1102818719,2673456007
3.25681E+15,https://www.aliexpress.com/item/3256806268355319.html,ad,Acrylic Digital Photo Frame 5 Inch 1200mAh Vertical Display IPS Screen 4G Memory Battery Porta Retrato digital picture frame,35.58,USD,11 sold,ae01.alicdn.com/kf/S3992042cb9124b4cabbd5bd833540e57u/Acrylic-Digital-Photo-Frame-5-Inch-1200mAh-Vertical-Display-IPS-Screen-4G-Memory-Battery-Porta-Retrato.jpg_350x350xz.jpg,//www.aliexpress.com/store/1103330497,Shop1103336539 Store,1103330497,2676336937
3.25681E+15,https://www.aliexpress.com/item/3256806406495888.html,natural,50/100/150Pcs AG13 LR44 Button Coin Cell 140mAh Calculator,7.46,USD,27 sold,ae01.alicdn.com/kf/S584fe731d6a342ae8edc554b43a2c8fa2/50-100-150Pcs-AG13-LR44-Button-Coin-Cell-140mAh-Calculator.jpg_350x350xz.jpg,//www.aliexpress.com/store/1101566543,Seven seconds fish Store,1101566543,246897650
3.2568E+15,https://www.aliexpress.com/item/3256804796869252.html,natural,NA-3120 Phone Tripod Stand 40inch Universal Photography for Gopro iPhone Samsung Xiaomi Huawei Phone Aluminum Travel Tripode Par,1.96,USD,"10,000+ sold",ae01.alicdn.com/kf/Sc446e2d4125949d9b040cff89d47cb770/NA-3120-Phone-Tripod-Stand-40inch-Universal-Photography-for-Gopro-iPhone-Samsung-Xiaomi-Huawei-Phone-Aluminum.jpg_350x350xz.jpg,//www.aliexpress.com/store/1102458785,Nagnahz Photography Choice Store,1102458785,2671706807
3.25681E+15,https://www.aliexpress.com/item/3256805975404053.html,natural,X15Pro TWS Wireless Bluetooth Earphones Stereo 5.0 Headset Sport Earbuds Microphone With Charging Box for Smartphones Xiaomi IOS,0.99,USD,"5,000+ sold",ae01.alicdn.com/kf/S6a2796b55c454e0a8f09faba4058fbcdO/X15Pro-TWS-Wireless-Bluetooth-Earphones-Stereo-5-0-Headset-Sport-Earbuds-Microphone-With-Charging-Box-for.jpg_350x350xz.jpg,//www.aliexpress.com/store/1102818719,Yunzhiyao Store,1102818719,2673456007
3.25681E+15,https://www.aliexpress.com/item/3256805860985784.html,natural,luetooth 5.1 Gaming Headsets Gamer Wireless Headphones With Noise Cancelling Microphone Wired Earphone For Phone,0.99,USD,4000+ sold,ae01.alicdn.com/kf/Sc0614d47d6104f3ea0548c23f9832bb2r/luetooth-5-1-Gaming-Headsets-Gamer-Wireless-Headphones-With-Noise-Cancelling-Microphone-Wired-Earphone-For-Phone.jpg_350x350xz.jpg,//www.aliexpress.com/store/1103030034,Consumer Electronic Store,1103030034,2676242389
3.25681E+15,https://www.aliexpress.com/item/3256806214424673.html,ad,Acrylic Digital Photo Frame 7 Inch 1500mAh Battery Vertical Display IPS Screen 4G Memory Digital picture frame,42.88,USD,4 sold,ae01.alicdn.com/kf/Sf23c854a22604fb8a982d1c175d7058f0/Acrylic-Digital-Photo-Frame-7-Inch-1500mAh-Battery-Vertical-Display-IPS-Screen-4G-Memory-Digital-picture.jpg_350x350xz.jpg,//www.aliexpress.com/store/1103330497,Shop1103336539 Store,1103330497,2676336937
3.25681E+15,https://www.aliexpress.com/item/3256806194493655.html,natural,TWS M10 Wireless Bluetooth Headphones LED Display 3500mah Charging Box 9D Stereo In-Ear Sports Waterproof Bluetooth 5.1 Headset,0.99,USD,"1,000+ sold",ae01.alicdn.com/kf/Se192a69e4ed742a390e583f6bee2af26J/TWS-M10-Wireless-Bluetooth-Headphones-LED-Display-3500mah-Charging-Box-9D-Stereo-In-Ear-Sports-Waterproof.jpg_350x350xz.jpg,//www.aliexpress.com/store/1103079593,ZONVRO Wholesale Store,1103079593,2675616319
3.25681E+15,https://www.aliexpress.com/item/3256806103165753.html,natural,T2 TWS Headphones 5.3 Wireless Earphones Bluetooth Headset Noise Cancelling HD HiFi Stereo Earbuds For Huawei Xiaomi iPhone,0.99,USD,"1,000+ sold",ae01.alicdn.com/kf/S6fb8d7a6d8804cd2aeba4bcca2c65911d/T2-TWS-Headphones-5-3-Wireless-Earphones-Bluetooth-Headset-Noise-Cancelling-HD-HiFi-Stereo-Earbuds-For.jpg_350x350xz.jpg,//www.aliexpress.com/store/1103079324,3C Global Electronics Store,1103079324,2675761270
3.25681E+15,https://www.aliexpress.com/item/3256806482598608.html,natural,5-10Pcs Original Panasonic CR2032 batery CR2025 CR2016 batteria CR1632 CR1220 CR1616 CR1620 CR2450 CR2430 LR41 LR1130 LR43 LR44,3.57,USD,58 sold,ae01.alicdn.com/kf/S1c2195e19d5b4b55a6a9d26bc74c2c35I/5-10Pcs-Original-Panasonic-CR2032-batery-CR2025-CR2016-batteria-CR1632-CR1220-CR1616-CR1620-CR2450-CR2430-LR41.jpg_350x350xz.jpg,//www.aliexpress.com/store/1103526047,Authorized-Panasonic Store,1103526047,2678906022
3.25681E+15,https://www.aliexpress.com/item/3256805615281984.html,natural,Headphones 3.5mm Wired Gaming Headset Earphones Music For PS4 Play Station 4 Game PC Chat computer With Microphone,0.99,USD,"5,000+ sold",ae01.alicdn.com/kf/S99768c1b51144defb621542442d513c9b/Headphones-3-5mm-Wired-Gaming-Headset-Earphones-Music-For-PS4-Play-Station-4-Game-PC-Chat.jpg_350x350xz.jpg,//www.aliexpress.com/store/1102662711,Intelligent MIHome Life Store,1102662711,2672570220
3.25681E+15,https://www.aliexpress.com/item/3256805456890189.html,ad,"Insta360 GO 3 – Small & Lightweight Action Camera, Portable and Versatile, Hands-Free, POV, Mount Anywhere, Stabilization",319.99,USD,176 sold,ae01.alicdn.com/kf/S3eb7c24bf3694f08bfebdd9660905a02f/Insta360-GO-3-Small-Lightweight-Action-Camera-Portable-and-Versatile-Hands-Free-POV-Mount-Anywhere-Stabilization.jpg_350x350xz.jpg,//www.aliexpress.com/store/1101718277,Insta360 Official Store,1101718277,251006344
3.2568E+15,https://www.aliexpress.com/item/3256804872142293.html,natural,Lenovo GM2 Pro Bluetooth 5.3 Earphones Sports Headset Wireless In-Ear Gaming Low Latency Dual Mode Music Headphones New,2.08,USD,"10,000+ sold",ae01.alicdn.com/kf/S399f699921d9492d98ac2b3b6429c5del/Lenovo-GM2-Pro-Bluetooth-5-3-Earphones-Sports-Headset-Wireless-In-Ear-Gaming-Low-Latency-Dual.jpg_350x350xz.jpg,//www.aliexpress.com/store/1101351612,Cutesliving Store,1101351612,239194804
3.2568E+15,https://www.aliexpress.com/item/3256801492156351.html,natural,For HP Pavilion DV3-2000 DV3T-2000 DC301006C00531810-001 DC In Power Jack Cable Charging Port Connector,3.85,USD,1 sold,ae01.alicdn.com/kf/H49e3a1d0eb9c4fe3a29f48597ae0e41aM/For-HP-Pavilion-DV3-2000-DV3T-2000-DC301006C00531810-001-DC-In-Power-Jack-Cable-Charging-Port.jpg_350x350xz.jpg,//www.aliexpress.com/store/1101550365,SRYI Store,1101550365,245448918
3.25681E+15,https://www.aliexpress.com/item/3256806167025164.html,natural,Built-in 400 FC Games with Portable Case Mini Retro Handheld Game Console 3.0 Inch LCD Screen Video Game Player Kids Boys Gift,0.99,USD,"1,000+ sold",ae01.alicdn.com/kf/S81d6bcd2d16c48f096adc230fe0034deW/Built-in-400-FC-Games-with-Portable-Case-Mini-Retro-Handheld-Game-Console-3-0-Inch.jpg_350x350xz.jpg,//www.aliexpress.com/store/1103191330,AiguozerMall Store,1103191330,2676962189
3.25681E+15,https://www.aliexpress.com/item/3256806402010920.html,natural,New OnePlus Buds 3 Global Version Bluetooth TWS Earphone 49dB Active Noise Cancellation Wireless Headphone for OnePlus 12,58.29,USD,148 sold,ae01.alicdn.com/kf/Sf5b7fc2da65e412cbfa564b2136912deM/New-OnePlus-Buds-3-Global-Version-Bluetooth-TWS-Earphone-49dB-Active-Noise-Cancellation-Wireless-Headphone-for.jpg_350x350xz.jpg,//www.aliexpress.com/store/1100504163,OnePlus Official Store,1100504163,201612705
3.25681E+15,https://www.aliexpress.com/item/3256806277867296.html,ad,adjustable lab power supply KPS1550D 0~15V 0~50A 750W desktop switching laboratory DC power supply,116,USD,,ae01.alicdn.com/kf/S07a86f7440bc44269f3576f304200f1bg/adjustable-lab-power-supply-KPS1550D-0-15V-0-50A-750W-desktop-switching-laboratory-DC-power-supply.jpg_350x350xz.jpg,//www.aliexpress.com/store/1102435514,ServerCase Store,1102435514,118985029
3.25681E+15,https://www.aliexpress.com/item/3256806147649057.html,natural,E7S TWS Wireless Headphones Bluetooth earphone Control Sport Headset Waterproof Microphone Music Earphone Work On All Smartphone,0.99,USD,"10,000+ sold",ae01.alicdn.com/kf/S778f343d351d425089a2824d8d9ebc23i/E7S-TWS-Wireless-Headphones-Bluetooth-earphone-Control-Sport-Headset-Waterproof-Microphone-Music-Earphone-Work-On-All.jpg_350x350xz.jpg,//www.aliexpress.com/store/1103230207,Smart Watch Direct Sales Factory Store,1103230207,2677226510
3.25681E+15,https://www.aliexpress.com/item/3256805927976604.html,natural,New Original  6ES7222-1BD30-0XB0  6ES7221-1BF22-0XA8 One Year Warranty,70.4,USD,1 sold,ae01.alicdn.com/kf/Sba243b85f2fe46d38f353ae01d7c2ddcn/New-Original-6ES7222-1BD30-0XB0-6ES7221-1BF22-0XA8-One-Year-Warranty.png_350x350xz.png,//www.aliexpress.com/store/1101866868,Shenzhen Wanghongda accessories sales Store,1101866868,253579975
3.2568E+15,https://www.aliexpress.com/item/3256804805537319.html,natural,Lenovo HT38 TWS Earphone Wireless Fone Bluetooth Headphones AI Control Mini Headset Dual Mic Noise Reduction HiFi Stereo Earbuds,0.99,USD,"10,000+ sold",ae01.alicdn.com/kf/Hb52569d9f04340738f3eb6c9f7a04f3bo/Lenovo-HT38-TWS-Earphone-Wireless-Fone-Bluetooth-Headphones-AI-Control-Mini-Headset-Dual-Mic-Noise-Reduction.jpg_350x350xz.jpg,//www.aliexpress.com/store/1102457752,Earphone Online Store,1102457752,2673387852
3.25681E+15,https://www.aliexpress.com/item/3256806174364209.html,natural,[World Premiere] Global Version Xiaomi Redmi Buds 5 Pro Up to 52dB Active Nolse Cancellation 38 Hours Long Battery,41.17,USD,3000+ sold,ae01.alicdn.com/kf/Sa499fbe75351489b8f9cd68cef7c35edy/-World-Premiere-Global-Version-Xiaomi-Redmi-Buds-5-Pro-Up-to-52dB-Active-Nolse-Cancellation.jpg_350x350xz.jpg,//www.aliexpress.com/store/1101235659,Xiaomi Mi Store,1101235659,229766518
3.25681E+15,https://www.aliexpress.com/item/3256806501616667.html,ad,TV Receiver CCCAM Stable Clines for Europe Poland Slovakia Portugal spain Satellite Slovakia Czech FULL HD DVB-S2 Support CCCAM,7.33,USD,,ae01.alicdn.com/kf/S297db382ee9b4edaa368fc0e205e8b95D/HSSD.jpeg_350x350xz.jpeg,//www.aliexpress.com/store/1103592258,Shop1103599239 Store,1103592258,2676576154
3.25681E+15,https://www.aliexpress.com/item/3256806090030967.html,natural,New M90 Wireless Headphones Sliding Cover Gaming Headsets Bluetooth 5.1 Stereo Sports Earbuds Earphones with Led Digital Display,0.99,USD,"1,000+ sold",ae01.alicdn.com/kf/S478241df6b3047fa974c73079ed0639bH/New-M90-Wireless-Headphones-Sliding-Cover-Gaming-Headsets-Bluetooth-5-1-Stereo-Sports-Earbuds-Earphones-with.jpg_350x350xz.jpg,//www.aliexpress.com/store/1102515566,BeeBeeBee Store,1102515566,2671009277
3.25681E+15,https://www.aliexpress.com/item/3256805399687696.html,natural,QKZ AK6 Wired Headphones Dual Drive HiFi Earphone with Microphone 3.5mm Sport Running Music Earbuds Bass Stereo Headset Original,0.99,USD,"5,000+ sold",ae01.alicdn.com/kf/S9e41b573b2c3425ea9fa2095e753cda78/QKZ-AK6-Wired-Headphones-Dual-Drive-HiFi-Earphone-with-Microphone-3-5mm-Sport-Running-Music-Earbuds.jpg_350x350xz.jpg,//www.aliexpress.com/store/1102526632,SZKOSTON Global Store,1102526632,2671057956
3.25681E+15,https://www.aliexpress.com/item/3256806433581190.html,natural,Retro Portable Mini Handheld Video Game Console 8 Bit 3.0 Inch Color LCD Kids Color Game Player Built in 500 Games,0.99,USD,466 sold,ae01.alicdn.com/kf/Se4249931de4549328abc847aa7271932u/Retro-Portable-Mini-Handheld-Video-Game-Console-8-Bit-3-0-Inch-Color-LCD-Kids-Color.jpg_350x350xz.jpg,//www.aliexpress.com/store/1103312872,3C Electronic Digital Store,1103312872,2677562365
3.2568E+15,https://www.aliexpress.com/item/3256804853498073.html,natural,Original Lenovo LP40 wireless headphones TWS Bluetooth Earphones Touch Control Sport Headset Stereo Earbuds For Phone Android,0.99,USD,"10,000+ sold",ae01.alicdn.com/kf/Haa1bfb60935a4a3ca5e24c9ef3bcd163R/Original-Lenovo-LP40-wireless-headphones-TWS-Bluetooth-Earphones-Touch-Control-Sport-Headset-Stereo-Earbuds-For-Phone.jpg_350x350xz.jpg,//www.aliexpress.com/store/1102519010,MR_Global Store,1102519010,2671802082
3.25681E+15,https://www.aliexpress.com/item/3256806277747853.html,ad,laboratory adjustable regulated switching Dc power supply KPS1540D variable High Power Power Supplies 0~15V 0~40A 600W,102,USD,,ae01.alicdn.com/kf/Sfff85ba35f92413cb665a2f0d7f5d48a3/laboratory-adjustable-regulated-switching-Dc-power-supply-KPS1540D-variable-High-Power-Power-Supplies-0-15V-0.jpg_350x350xz.jpg,//www.aliexpress.com/store/1102435514,ServerCase Store,1102435514,118985029
3.25681E+15,https://www.aliexpress.com/item/3256805695889295.html,natural,Stereo P47 Headset 5.0 Bluetooth Headset Folding Series Wireless Sports Game Headset for iPhone XiaoMi,0.99,USD,"10,000+ sold",ae01.alicdn.com/kf/Se5d5227c833345dbb6d72dfbba7f3e016/Stereo-P47-Headset-5-0-Bluetooth-Headset-Folding-Series-Wireless-Sports-Game-Headset-for-iPhone-XiaoMi.jpg_350x350xz.jpg,//www.aliexpress.com/store/1102662711,Intelligent MIHome Life Store,1102662711,2672570220
3.25681E+15,https://www.aliexpress.com/item/3256806086377648.html,natural,Retro Portable Mini Handheld Video Game Console 8 Bit 3.0 Inch Color LCD Kids Color Game Player Built in 500 Games,0.99,USD,"10,000+ sold",ae01.alicdn.com/kf/S2848cbe0a0214036b4293780edf4fe01o/Retro-Portable-Mini-Handheld-Video-Game-Console-8-Bit-3-0-Inch-Color-LCD-Kids-Color.jpg_350x350xz.jpg,//www.aliexpress.com/store/1103310677,3C Digital Club Store,1103310677,2679771364
3.25681E+15,https://www.aliexpress.com/item/3256805613220581.html,natural,BETA 58A Supercardioid Dynamic Microphone For Stage Singing Professional Wired Microphone for Karaoke BBOX Recording Vocal,1.87,USD,"1,000+ sold",ae01.alicdn.com/kf/S7bb3b68ea7d7453481b5700802189762p/BETA-58A-Supercardioid-Dynamic-Microphone-For-Stage-Singing-Professional-Wired-Microphone-for-Karaoke-BBOX-Recording-Vocal.jpg_350x350xz.jpg,//www.aliexpress.com/store/1102859709,Lokchonk Store,1102859709,2677251393
3.25681E+15,https://www.aliexpress.com/item/3256806205090392.html,natural,T8 Tws Bluetooth Earbuds with LED Digital Display Hifi Enc Bt 5.3 Wireless In-Ear Earphone for Xiaomi Huawei iPhone Headphone,0.99,USD,800+ sold,ae01.alicdn.com/kf/Seb6b8bef4afe4b0ab41ba38f0b631b2es/T8-Tws-Bluetooth-Earbuds-with-LED-Digital-Display-Hifi-Enc-Bt-5-3-Wireless-In-Ear.jpg_350x350xz.jpg,//www.aliexpress.com/store/1102669823,Bright future 3C Store,1102669823,2671873100
3.25681E+15,https://www.aliexpress.com/item/3256806501500986.html,ad,Anti-blue light screen protection Universal protection for screens 32-50 inches　,20.82,USD,6 sold,ae01.alicdn.com/kf/S9eee7c84e298418db4f3a63dd2233e40A/Anti-blue-light-screen-protection-Universal-protection-for-screens-32-50-inches-.jpg_350x350xz.jpg,//www.aliexpress.com/store/1103592258,Shop1103599239 Store,1103592258,2676576154
3.25681E+15,https://www.aliexpress.com/item/3256805523715933.html,natural,TWS Bluetooth Headphone Wireless Earphone Stereo Headset sportEarbuds microphone with charging box forsmartphone,0.99,USD,"10,000+ sold",ae01.alicdn.com/kf/H91d9e2193dec48d88150c5e73a0c1e67n/TWS-Bluetooth-Headphone-Wireless-Earphone-Stereo-Headset-sportEarbuds-microphone-with-charging-box-forsmartphone.jpg_350x350xz.jpg,//www.aliexpress.com/store/1102888871,BUNKIMX Official Store,1102888871,2674560019
3.25681E+15,https://www.aliexpress.com/item/3256805378899623.html,natural,Tripods Tripod For Phone Mobile Camera Holder Clip Smartphone Monopod Tripe Stand Octopus Mini Tripod Stativ For Phone,0.99,USD,"10,000+ sold",ae01.alicdn.com/kf/Seeeb48d6d9cf4dd4a688a35c45c6239cR/Tripods-Tripod-For-Phone-Mobile-Camera-Holder-Clip-Smartphone-Monopod-Tripe-Stand-Octopus-Mini-Tripod-Stativ.jpg_350x350xz.jpg,//www.aliexpress.com/store/1102820622,VeFly Choice Store,1102820622,2676603066
3.25681E+15,https://www.aliexpress.com/item/3256805964319687.html,natural,XIAOMI Redmi Buds 3 Lite TWS Bluetooth 5.2 Earphone IP54 18 Hours Battery Life Mi Ture Wireless Earbuds Youth Edition,0.99,USD,"10,000+ sold",ae01.alicdn.com/kf/S8c94c7cd88a84dc99ce04887827ce414e/XIAOMI-Redmi-Buds-3-Lite-TWS-Bluetooth-5-2-Earphone-IP54-18-Hours-Battery-Life-Mi.jpg_350x350xz.jpg,//www.aliexpress.com/store/1103240118,AE 8151136522 Store,1103240118,2676313512
3.25681E+15,https://www.aliexpress.com/item/3256806433703900.html,natural,X6 Game Console Retro Video Game Console 3.5/4'' IPS Screen Portable Handheld Game Player 10000+ Classic Games Children Gifts,11.12,USD,500+ sold,ae01.alicdn.com/kf/Sa7c0aa2ad8b746d2bac58dbe5fe007b01/X6-Game-Console-Retro-Video-Game-Console-3-5-4-IPS-Screen-Portable-Handheld-Game-Player.jpg_350x350xz.jpg,//www.aliexpress.com/store/1103312872,3C Electronic Digital Store,1103312872,2677562365
3.25681E+15,https://www.aliexpress.com/item/3256806121403566.html,ad,Fever HIFI lossless Bluetooth receiver OLED display screen  Qualcomm QCC5125 Bluetooth 5.1 receiver ES9018 decodes APTX-HD LDAC,67,USD,24 sold,ae01.alicdn.com/kf/Sea2e7c36173c47ebafab139d7a6f5a41n/Fever-HIFI-lossless-Bluetooth-receiver-OLED-display-screen-Qualcomm-QCC5125-Bluetooth-5-1-receiver-ES9018-decodes.jpg_350x350xz.jpg,//www.aliexpress.com/store/1101427869,Shop4537041 Store,1101427869,234597994
3.25681E+15,https://www.aliexpress.com/item/3256805897613387.html,natural,Replacement Bluetooth Voice Remote Control for Fire TV Stick 4K Max 3rd Gen Stick Lite Cube Smart TV Controller Works with Alexa,0.99,USD,"5,000+ sold",ae01.alicdn.com/kf/S46fba77523fd4335a66429c4544bf6c11/Replacement-Bluetooth-Voice-Remote-Control-for-Fire-TV-Stick-4K-Max-3rd-Gen-Stick-Lite-Cube.jpg_350x350xz.jpg,//www.aliexpress.com/store/1103009737,WESOPRO Official Store,1103009737,2675425319
3.2568E+15,https://www.aliexpress.com/item/3256804860822095.html,natural,Retro Portable Mini Handheld Video Game Console 8-Bit 3.0 Inch Color LCD Kids Color Game Player Built-in 500 games,0.99,USD,"10,000+ sold",ae01.alicdn.com/kf/S389a2557097f45d49953fece0bbd9716j/Retro-Portable-Mini-Handheld-Video-Game-Console-8-Bit-3-0-Inch-Color-LCD-Kids-Color.jpg_350x350xz.jpg,//www.aliexpress.com/store/1102515617,TECTINTER Choice Store,1102515617,2671033358
3.2568E+15,https://www.aliexpress.com/item/3256804872027522.html,natural,New Lenovo SH1 Wireless Earphone Bluetooth 5.0 Chip HIFI Sound Quality IPX5 Waterproof Sports Headset Magnetic Neckband Earbuds,0.99,USD,"5,000+ sold",ae01.alicdn.com/kf/S056094222e6a4c85b03d09d355db7d0es/New-Lenovo-SH1-Wireless-Earphone-Bluetooth-5-0-Chip-HIFI-Sound-Quality-IPX5-Waterproof-Sports-Headset.jpg_350x350xz.jpg,//www.aliexpress.com/store/1102519010,MR_Global Store,1102519010,2671802082
3.25681E+15,https://www.aliexpress.com/item/3256805613498591.html,natural,Metal SM58 cardioid Dynamic Microphone For Stage Singing Professional Wired Microphone for Shure Karaoke BBOX Recording Vocal,1.85,USD,4000+ sold,ae01.alicdn.com/kf/Sce803296b9ee49f394f4faf1d70c1109m/Metal-SM58-cardioid-Dynamic-Microphone-For-Stage-Singing-Professional-Wired-Microphone-for-Shure-Karaoke-BBOX-Recording.png_350x350xz.png,//www.aliexpress.com/store/1102859709,Lokchonk Store,1102859709,2677251393
3.25681E+15,https://www.aliexpress.com/item/3256806501638641.html,ad,Stable 8 Lines OScam Cccam Clines Europe Ccam spain italy Poland Portugal Germany Ccam For ccclines v8x v7s egygold CCCAM,7.33,USD,,ae01.alicdn.com/kf/404/HSSD.jpg_350x350xz.jpg,//www.aliexpress.com/store/1103592258,Shop1103599239 Store,1103592258,2676576154
3.25681E+15,https://www.aliexpress.com/item/3256805970621003.html,natural,Transformers TF-T01Bluetooth 5.3 Earphone TWS Wireless HIFI Stereo Headset Low Latency Headphones Gaming Music Dual Mode Earbuds,6.49,USD,"1,000+ sold",ae01.alicdn.com/kf/S226a7ac0b8d048cd9079400af25503d8r/Transformers-TF-T01Bluetooth-5-3-Earphone-TWS-Wireless-HIFI-Stereo-Headset-Low-Latency-Headphones-Gaming-Music.jpg_350x350xz.jpg,//www.aliexpress.com/store/1103181915,Transformers Global Store,1103181915,2677034303
3.25681E+15,https://www.aliexpress.com/item/3256806187904027.html,natural,Original M25 TWS Wireless Headphones Earphones Bluetooth Touch Control Noise Reduction Stereo Waterproof Earbuds Headsets,0.99,USD,600+ sold,ae01.alicdn.com/kf/Sd244ff69b49e405eb8e863b719b428d32/Original-M25-TWS-Wireless-Headphones-Earphones-Bluetooth-Touch-Control-Noise-Reduction-Stereo-Waterproof-Earbuds-Headsets.jpg_350x350xz.jpg,//www.aliexpress.com/store/1103079324,3C Global Electronics Store,1103079324,2675761270
3.25681E+15,https://www.aliexpress.com/item/3256806126850854.html,natural,USB Microphone RGB Microfone Condensador Wire Gaming Mic for Podcast Recording Studio Streaming Laptop Desktop PC,0.99,USD,447 sold,ae01.alicdn.com/kf/Se4cfa591564349c99e093a5f77b9919bc/USB-Microphone-RGB-Microfone-Condensador-Wire-Gaming-Mic-for-Podcast-Recording-Studio-Streaming-Laptop-Desktop-PC.jpg_350x350xz.jpg,//www.aliexpress.com/store/1102880501,AOIEUUAI 3C Store,1102880501,2677395334
3.25681E+15,https://www.aliexpress.com/item/3256805290868483.html,natural,TG117 Outdoor Speaker Waterproof Portable Wireless Column Loudspeaker Box Support TF Card FM Radio Aux Input,45.19,USD,"5,000+ sold",ae01.alicdn.com/kf/H852cddb197db499181b0d44fe3488ff6z/TG117-Outdoor-Speaker-Waterproof-Portable-Wireless-Column-Loudspeaker-Box-Support-TF-Card-FM-Radio-Aux-Input.jpg_350x350xz.jpg,//www.aliexpress.com/store/1102758096,Smart BOX Store,1102758096,2672448468
3.25681E+15,https://www.aliexpress.com/item/3256805839044748.html,natural,I/O IO Shield Back Plate Blende Bracket For GIGABYTE GA-F2A78M-DS2 GA-B85-D3V-A Chassis Motherboard Backplate Baffle,5.15,USD,1 sold,ae01.alicdn.com/kf/Sd7da107a99b04c38bdb698b37efcbd02B/I-O-IO-Shield-Back-Plate-Blende-Bracket-For-GIGABYTE-GA-F2A78M-DS2-GA-B85-D3V.jpg_350x350xz.jpg,//www.aliexpress.com/store/1100947809,HM DA Store,1100947809,221455148
3.25681E+15,https://www.aliexpress.com/item/3256805958728552.html,natural,X15 TWS Gaming Earbuds Wireless Bluetooth Earphone With Mic Bass Audio Sound Positioning 9D Stereo Music HiFi Headset For Gamer,0.99,USD,"1,000+ sold",ae01.alicdn.com/kf/S0ff61bb78072494083be31e2aaaf4f8bU/X15-TWS-Gaming-Earbuds-Wireless-Bluetooth-Earphone-With-Mic-Bass-Audio-Sound-Positioning-9D-Stereo-Music.jpg_350x350xz.jpg,//www.aliexpress.com/store/1102818719,Yunzhiyao Store,1102818719,2673456007
3.25681E+15,https://www.aliexpress.com/item/3256805846055921.html,natural,K9 Mini Lavalier Microphone Portable Audio Video Recording Mini Lapel Mic Wireless Microfone for IPhone TypeC ipad Game Phone,0.99,USD,"1,000+ sold",ae01.alicdn.com/kf/S1e6397f037f048d19fbe8b71eab7a449o/K9-Mini-Lavalier-Microphone-Portable-Audio-Video-Recording-Mini-Lapel-Mic-Wireless-Microfone-for-IPhone-TypeC.jpg_350x350xz.jpg,//www.aliexpress.com/store/1102831276,Battery's Store Store,1102831276,2673961308
3.25681E+15,https://www.aliexpress.com/item/3256805115775695.html,natural,Bluetooth 5.2 Earphone Waterproof Wireless Headphones with Mic Mini Ear Hooks HiFi Stereo Music Earbuds for Phone,0.99,USD,"2,000+ sold",ae01.alicdn.com/kf/S1eb0852214e945099ca745353f9b3551m/Bluetooth-5-2-Earphone-Waterproof-Wireless-Headphones-with-Mic-Mini-Ear-Hooks-HiFi-Stereo-Music-Earbuds.jpg_350x350xz.jpg,//www.aliexpress.com/store/1102668199,DISOUR FlagShip Store,1102668199,2671825313
3.25681E+15,https://www.aliexpress.com/item/3256805309263226.html,ad,Insta360 X3 and X2 Standalone - X Series,593.33,USD,118 sold,ae01.alicdn.com/kf/S0746c6da2bcf47129e90187d5d83c0d1o/Insta360-X3-and-X2-Standalone-X-Series.jpg_350x350xz.jpg,//www.aliexpress.com/store/1101718277,Insta360 Official Store,1101718277,251006344